{
  "N": 11,
  "alpha": [
    2e-18,
    2e-18,
    2e-18,
    2e-18,
    2e-18,
    2e-18,
    2e-18,
    2e-18,
    2e-18,
    2e-18,
    2e-18
  ],
  "c": [
    21,
    25,
    16,
    27,
    21,
    11,
    27,
    8,
    27,
    23,
    15
  ],
  "S": [
    675645149.0973531,
    379339406.6411018,
    109580097.98385362,
    350353789.0023131,
    621592317.8153397,
    744733582.5185498,
    678644068.5737025,
    284101203.54671246,
    872384562.2493657,
    342148218.9673583,
    627607406.6376846
  ],
  "f_min": [
    1009238085.5672252,
    1073441358.3900003,
    939443014.1371602,
    866205863.8980869,
    986662442.6243632,
    909534486.224801,
    1297447922.774882,
    1184098024.4127364,
    947326533.1336954,
    1082366687.6007538,
    1121706878.170029
  ],
  "f_max": [
    1959130627.0235102,
    3354889373.8862925,
    2484266100.287871,
    1710664866.3519094,
    1607400743.6080956,
    3524950137.5384355,
    2161852481.319462,
    2960685198.8226013,
    3255170238.1041536,
    1746117179.7144356,
    2143771842.4992023
  ],
  "epsilon_0": 0.9860438343861422,
  "theta_prev": [
    0.4642912457691386,
    0.21365170926371252,
    0.15715798465910347,
    0.4444588048680212,
    0.3121663776717081,
    0.4447873018826114,
    0.17606042075814637,
    0.036653795136578335,
    0.13480966869786618,
    0.02081397889655196,
    0.3876349175658084
  ]
}